item_id,subject,n_models,n_calls,difficulty,acc_spread,error_rate,parse_fail_rate
history:4830,history,8,40,0.0,0.0,0.0,0.125
history:4683,history,8,40,0.0,0.0,0.0,0.0
history:4854,history,8,40,0.0,0.0,0.0,0.0
history:5051,history,8,40,0.0,0.0,0.0,0.0
history:4737,history,8,40,0.0,0.0,0.0,0.0
history:4682,history,8,40,0.0,0.0,0.0,0.0
law:1110,law,8,40,0.0,0.0,0.0,0.0
law:887,law,8,40,0.0,0.0,0.0,0.0
law:1221,law,8,40,0.0,0.0,0.0,0.0
law:1588,law,8,40,0.0,0.0,0.0,0.0
law:1773,law,8,40,0.0,0.0,0.0,0.0
law:1418,law,8,40,0.0,0.0,0.0,0.0
psychology:2704,psychology,8,40,0.0,0.0,0.0,0.0
psychology:2592,psychology,8,40,0.0,0.0,0.0,0.0
psychology:2505,psychology,8,40,0.0,0.0,0.0,0.0
psychology:2432,psychology,8,40,0.0,0.0,0.0,0.0
psychology:2532,psychology,8,40,0.0,0.0,0.0,0.0
psychology:2595,psychology,8,40,0.0,0.0,0.0,0.0
psychology:2700,psychology,8,40,0.0,0.0,0.0,0.0
psychology:2767,psychology,8,40,0.0,0.0,0.0,0.0
engineering:12129,engineering,8,40,0.0208,0.1667,0.0,0.0
history:4883,history,8,40,0.0208,0.1667,0.0,0.0
history:4764,history,8,40,0.0208,0.1667,0.0,0.0
psychology:2510,psychology,8,40,0.0208,0.1667,0.0,0.0
history:4678,history,8,40,0.0417,0.3333,0.0,0.0
law:1032,law,8,40,0.0625,0.5,0.0,0.0
psychology:2105,psychology,8,40,0.0625,0.5,0.0,0.0
engineering:12111,engineering,8,40,0.0833,0.3333,0.0,0.0
history:4893,history,8,40,0.0833,0.6667,0.0,0.0
history:5043,history,8,40,0.0833,0.3333,0.0,0.0
history:4886,history,8,40,0.0833,0.6667,0.0,0.0
law:930,law,8,40,0.0833,0.6667,0.0,0.0
history:4685,history,8,40,0.1042,0.5,0.0,0.0
law:1127,law,8,40,0.1042,0.8333,0.0,0.0
law:1470,law,8,40,0.1042,0.3333,0.0,0.0
history:4906,history,8,40,0.125,0.6667,0.0,0.075
history:5040,history,8,40,0.125,0.5,0.0,0.0
psychology:2347,psychology,8,40,0.125,0.5,0.0,0.0
math:8536,math,8,40,0.1458,1.0,0.0,0.05
physics:9554,physics,8,40,0.1458,1.0,0.125,0.0286
engineering:11639,engineering,8,40,0.1458,1.0,0.0,0.0
law:868,law,8,40,0.1458,1.0,0.0,0.025
law:1955,law,8,40,0.1458,1.0,0.0,0.0
law:1654,law,8,40,0.1458,1.0,0.0,0.0
psychology:2240,psychology,8,40,0.1458,1.0,0.0,0.0
physics:9752,physics,8,40,0.1542,0.5,0.0,0.025
law:1888,law,8,40,0.1625,0.8,0.0,0.025
math:7755,math,8,40,0.1667,0.6667,0.0,0.0
physics:10226,physics,8,40,0.1667,1.0,0.0,0.15
engineering:11862,engineering,8,40,0.1667,0.5,0.0,0.075
engineering:11494,engineering,8,40,0.1667,1.0,0.0,0.0
engineering:12054,engineering,8,40,0.1667,0.5,0.0,0.0
math:8936,math,8,40,0.1875,1.0,0.0,0.0
engineering:12094,engineering,8,40,0.1875,1.0,0.0,0.05
engineering:11944,engineering,8,40,0.1875,0.6667,0.0,0.0
history:4941,history,8,40,0.1875,1.0,0.0,0.0
psychology:2161,psychology,8,40,0.1875,1.0,0.0,0.0
engineering:11777,engineering,7,40,0.1905,0.8333,0.0,0.15
math:8743,math,8,40,0.2083,0.6667,0.0,0.0
law:1158,law,8,40,0.2083,0.6667,0.0,0.0
engineering:11461,engineering,8,40,0.2292,1.0,0.0,0.075
history:4672,history,8,40,0.2292,1.0,0.0,0.0
law:1013,law,8,40,0.2292,1.0,0.0,0.0
law:1824,law,8,40,0.2292,1.0,0.0,0.0
law:1068,law,8,40,0.2396,0.8333,0.0,0.05
law:1493,law,8,40,0.2417,0.8333,0.0,0.025
physics:10027,physics,8,40,0.25,1.0,0.0,0.0
engineering:11997,engineering,8,40,0.25,1.0,0.075,0.1351
engineering:11645,engineering,8,40,0.25,1.0,0.0,0.0
law:1683,law,8,40,0.25,1.0,0.0,0.025
law:1656,law,8,40,0.25,1.0,0.0,0.0
math:8178,math,8,40,0.2708,1.0,0.0,0.0
math:8088,math,8,40,0.2708,1.0,0.0,0.0
math:8526,math,8,40,0.2708,1.0,0.0,0.1
physics:9474,physics,8,40,0.2708,1.0,0.0,0.0
physics:9678,physics,8,40,0.2708,0.6667,0.0,0.0
engineering:11892,engineering,8,40,0.2708,1.0,0.0,0.0
engineering:11613,engineering,8,40,0.2708,0.6667,0.0,0.0
physics:9158,physics,7,40,0.2857,1.0,0.0,0.15
engineering:11307,engineering,8,40,0.2917,1.0,0.0,0.0
history:5048,history,8,40,0.2917,1.0,0.0,0.0
history:4929,history,8,40,0.2917,0.8333,0.0,0.0
law:1051,law,8,40,0.2917,1.0,0.0,0.0
law:1556,law,8,40,0.2917,0.8333,0.0,0.0
law:888,law,8,40,0.2917,1.0,0.0,0.0
law:1566,law,8,40,0.2917,1.0,0.0,0.0
psychology:2401,psychology,8,40,0.2917,1.0,0.0,0.0
psychology:2635,psychology,8,40,0.2917,0.6667,0.0,0.0
engineering:11913,engineering,7,40,0.3095,1.0,0.0,0.15
math:8847,math,8,40,0.3125,1.0,0.075,0.1081
physics:9490,physics,8,40,0.3125,1.0,0.0,0.05
engineering:12161,engineering,8,40,0.3125,1.0,0.0,0.075
law:1090,law,8,40,0.3125,1.0,0.0,0.075
physics:10210,physics,8,40,0.3333,1.0,0.0,0.0
history:4848,history,8,40,0.3333,1.0,0.0,0.0
law:1561,law,8,40,0.3333,1.0,0.0,0.0
law:1586,law,7,40,0.3333,1.0,0.0,0.05
psychology:2385,psychology,8,40,0.3333,1.0,0.0,0.0
engineering:11912,engineering,8,40,0.3542,1.0,0.0,0.0
engineering:11548,engineering,8,40,0.3542,1.0,0.0,0.0
engineering:12244,engineering,7,40,0.3571,1.0,0.0,0.15
math:7812,math,8,40,0.375,1.0,0.0,0.0
math:8346,math,8,40,0.375,1.0,0.0,0.0
math:7918,math,8,40,0.375,1.0,0.0,0.0
math:8410,math,8,40,0.375,1.0,0.0,0.0
physics:9886,physics,8,40,0.375,1.0,0.0,0.0
physics:9295,physics,8,40,0.375,1.0,0.0,0.0
engineering:11937,engineering,8,40,0.375,1.0,0.0,0.0
engineering:11337,engineering,8,40,0.375,1.0,0.0,0.0
engineering:12252,engineering,8,40,0.375,1.0,0.0,0.0
engineering:11398,engineering,8,40,0.375,1.0,0.0,0.0
engineering:11814,engineering,8,40,0.375,1.0,0.0,0.0
engineering:11342,engineering,8,40,0.375,1.0,0.0,0.0
law:1208,law,8,40,0.375,1.0,0.0,0.0
psychology:2241,psychology,8,40,0.375,1.0,0.0,0.0
math:8592,math,8,40,0.3958,1.0,0.0,0.05
engineering:12228,engineering,8,40,0.3958,1.0,0.0,0.0
engineering:11859,engineering,8,40,0.3958,1.0,0.0,0.0
engineering:12197,engineering,8,40,0.3958,1.0,0.0,0.0
history:4694,history,8,40,0.3958,1.0,0.0,0.0
law:1625,law,8,40,0.3958,1.0,0.0,0.0
law:1382,law,8,40,0.3958,1.0,0.0,0.0
psychology:2346,psychology,8,40,0.3958,1.0,0.0,0.0
physics:9604,physics,7,40,0.4048,1.0,0.125,0.1714
math:8224,math,8,40,0.4167,1.0,0.0,0.0
physics:9793,physics,8,40,0.4167,1.0,0.0,0.0
physics:9690,physics,8,40,0.4167,1.0,0.0,0.0
physics:10272,physics,8,40,0.4167,1.0,0.0,0.025
physics:9080,physics,8,40,0.4167,1.0,0.0,0.0
physics:9891,physics,8,40,0.4167,1.0,0.0,0.0
physics:9270,physics,8,40,0.4167,1.0,0.0,0.0
physics:9134,physics,8,40,0.4167,1.0,0.0,0.0
physics:9713,physics,8,40,0.4167,1.0,0.0,0.0
engineering:11560,engineering,8,40,0.4167,1.0,0.0,0.075
engineering:11397,engineering,8,40,0.4167,1.0,0.0,0.0
engineering:11428,engineering,8,40,0.4167,1.0,0.0,0.0
history:4942,history,8,40,0.4167,1.0,0.0,0.0
history:4988,history,8,40,0.4167,1.0,0.0,0.0
law:1399,law,8,40,0.4167,1.0,0.0,0.0
law:1168,law,8,40,0.4167,1.0,0.0,0.0
math:7924,math,8,40,0.4375,1.0,0.0,0.0
math:8075,math,8,40,0.4375,1.0,0.0,0.0
physics:9733,physics,8,40,0.4375,1.0,0.0,0.0
physics:10305,physics,8,40,0.4375,1.0,0.0,0.0
physics:9246,physics,8,40,0.4375,1.0,0.0,0.0
engineering:11491,engineering,8,40,0.4375,1.0,0.0,0.0
history:4832,history,8,40,0.4375,1.0,0.0,0.0
law:1077,law,8,40,0.4375,1.0,0.0,0.0
law:985,law,8,40,0.4375,1.0,0.0,0.0
math:8669,math,8,40,0.4583,1.0,0.0,0.0
physics:9785,physics,8,40,0.4583,1.0,0.0,0.0
physics:9050,physics,8,40,0.4583,1.0,0.0,0.0
engineering:11718,engineering,8,40,0.4583,1.0,0.0,0.025
history:4856,history,8,40,0.4583,1.0,0.0,0.0
law:1774,law,8,40,0.4583,1.0,0.0,0.0
math:7984,math,8,40,0.4792,1.0,0.0,0.0
math:8335,math,8,40,0.4792,1.0,0.0,0.0
math:8503,math,8,40,0.4792,1.0,0.0,0.0
physics:9562,physics,8,40,0.4792,1.0,0.0,0.0
physics:9923,physics,8,40,0.4792,1.0,0.0,0.0
physics:9408,physics,8,40,0.4792,1.0,0.0,0.0
physics:9252,physics,8,40,0.4792,1.0,0.0,0.0
engineering:11746,engineering,8,40,0.4792,1.0,0.0,0.0
engineering:12069,engineering,8,40,0.4792,1.0,0.0,0.0
engineering:12180,engineering,8,40,0.4792,1.0,0.0,0.0
law:1071,law,8,40,0.4792,1.0,0.0,0.0
law:1642,law,8,40,0.4792,1.0,0.0,0.0
law:945,law,8,40,0.4792,1.0,0.0,0.0
law:1945,law,8,40,0.4792,1.0,0.0,0.025
psychology:2001,psychology,8,40,0.4792,1.0,0.0,0.0
psychology:2441,psychology,8,40,0.4792,1.0,0.0,0.0
psychology:2794,psychology,8,40,0.4792,1.0,0.0,0.0
math:8001,math,8,40,0.5,1.0,0.0,0.0
math:8478,math,8,40,0.5,1.0,0.0,0.0
math:8351,math,8,40,0.5,1.0,0.0,0.0
math:8287,math,8,40,0.5,1.0,0.0,0.0
math:8015,math,8,40,0.5,1.0,0.0,0.0
math:8655,math,8,40,0.5,1.0,0.0,0.0
math:7875,math,8,40,0.5,1.0,0.0,0.0
physics:9237,physics,8,40,0.5,1.0,0.0,0.0
physics:10069,physics,8,40,0.5,1.0,0.0,0.0
physics:9509,physics,8,40,0.5,1.0,0.0,0.0
engineering:11698,engineering,8,40,0.5,1.0,0.0,0.0
engineering:12165,engineering,8,40,0.5,1.0,0.0,0.0
engineering:11513,engineering,8,40,0.5,1.0,0.0,0.0
engineering:11700,engineering,8,40,0.5,1.0,0.0,0.0
engineering:11831,engineering,8,40,0.5,1.0,0.0,0.0
engineering:11638,engineering,8,40,0.5,1.0,0.0,0.0
history:4912,history,8,40,0.5,1.0,0.0,0.0
law:1119,law,8,40,0.5,1.0,0.0,0.0
math:7736,math,8,40,0.5208,1.0,0.0,0.0
math:7735,math,8,40,0.5208,1.0,0.0,0.0
math:8746,math,8,40,0.5208,1.0,0.0,0.0
physics:9073,physics,8,40,0.5208,1.0,0.0,0.0
physics:10147,physics,8,40,0.5208,1.0,0.0,0.0
physics:10022,physics,8,40,0.5208,1.0,0.0,0.0
physics:10079,physics,8,40,0.5208,1.0,0.0,0.0
engineering:11449,engineering,8,40,0.5208,1.0,0.0,0.0
engineering:11473,engineering,8,40,0.5208,1.0,0.0,0.0
law:1388,law,8,40,0.5208,1.0,0.0,0.0
psychology:2284,psychology,8,40,0.5208,1.0,0.0,0.0
math:8813,math,8,40,0.5417,1.0,0.0,0.0
math:8348,math,8,40,0.5417,1.0,0.0,0.0
math:8314,math,8,40,0.5417,0.8333,0.0,0.0
physics:9836,physics,8,40,0.5417,1.0,0.0,0.0
physics:9998,physics,8,40,0.5417,1.0,0.0,0.0
engineering:12087,engineering,8,40,0.5417,1.0,0.0,0.0
engineering:11807,engineering,8,40,0.5417,1.0,0.0,0.0
history:4770,history,8,40,0.5417,1.0,0.0,0.0
history:4751,history,8,40,0.5417,1.0,0.0,0.0
history:4964,history,8,40,0.5417,1.0,0.0,0.0
law:1792,law,8,40,0.5417,1.0,0.0,0.0
law:1804,law,8,40,0.5417,1.0,0.0,0.0
psychology:2150,psychology,8,40,0.5417,1.0,0.0,0.0
math:8083,math,8,40,0.5625,1.0,0.0,0.0
math:8580,math,8,40,0.5625,1.0,0.0,0.0
physics:9514,physics,8,40,0.5625,1.0,0.0,0.0
physics:9266,physics,8,40,0.5625,1.0,0.0,0.0
physics:9146,physics,8,40,0.5625,1.0,0.0,0.0
physics:9454,physics,8,40,0.5625,1.0,0.0,0.0
engineering:11365,engineering,8,40,0.5625,1.0,0.0,0.0
engineering:12023,engineering,8,40,0.5625,1.0,0.0,0.05
engineering:11376,engineering,8,40,0.5625,1.0,0.0,0.0
history:4673,history,8,40,0.5625,1.0,0.0,0.0
law:1969,law,8,40,0.5625,1.0,0.0,0.075
law:1314,law,8,40,0.5625,1.0,0.0,0.0
psychology:2618,psychology,8,40,0.5625,1.0,0.0,0.0
psychology:2022,psychology,8,40,0.5625,1.0,0.0,0.0
math:8866,math,8,40,0.5833,1.0,0.0,0.0
math:8329,math,8,40,0.5833,1.0,0.0,0.0
math:8967,math,8,40,0.5833,1.0,0.0,0.0
physics:9135,physics,8,40,0.5833,1.0,0.0,0.0
physics:9338,physics,8,40,0.5833,1.0,0.0,0.0
physics:10292,physics,8,40,0.5833,1.0,0.0,0.0
physics:9984,physics,8,40,0.5833,1.0,0.0,0.0
history:4806,history,8,40,0.5833,1.0,0.0,0.0
history:4716,history,8,40,0.5833,1.0,0.0,0.0
law:1937,law,8,40,0.5833,1.0,0.0,0.0
law:1545,law,8,40,0.5833,1.0,0.0,0.0
law:1240,law,8,40,0.5833,1.0,0.0,0.0
psychology:2627,psychology,8,40,0.5833,1.0,0.0,0.0
math:7959,math,8,40,0.6042,1.0,0.0,0.0
math:8995,math,8,40,0.6042,1.0,0.0,0.0
math:8626,math,8,40,0.6042,1.0,0.0,0.0
math:8381,math,8,40,0.6042,1.0,0.0,0.0
physics:9321,physics,8,40,0.6042,1.0,0.0,0.0
physics:9272,physics,8,40,0.6042,1.0,0.0,0.0
engineering:11420,engineering,8,40,0.6042,1.0,0.0,0.0
engineering:11662,engineering,8,40,0.6042,0.8333,0.0,0.0
law:1885,law,8,40,0.6042,1.0,0.0,0.0
law:1744,law,8,40,0.6042,1.0,0.0,0.0
law:1214,law,8,40,0.6042,1.0,0.0,0.0
law:978,law,8,40,0.6042,1.0,0.0,0.0
law:1027,law,8,40,0.6042,1.0,0.0,0.0
law:1474,law,8,40,0.6042,1.0,0.0,0.0
math:8634,math,8,40,0.625,1.0,0.0,0.0
math:9024,math,8,40,0.625,1.0,0.0,0.0
math:8183,math,8,40,0.625,1.0,0.0,0.0
math:7721,math,8,40,0.625,1.0,0.0,0.0
math:8766,math,8,40,0.625,1.0,0.0,0.0
math:8693,math,8,40,0.625,1.0,0.0,0.0
math:8636,math,8,40,0.625,1.0,0.0,0.0
math:8554,math,8,40,0.625,1.0,0.0,0.0
math:9013,math,8,40,0.625,1.0,0.0,0.0
physics:9376,physics,8,40,0.625,1.0,0.0,0.0
physics:9884,physics,8,40,0.625,1.0,0.0,0.0
physics:10084,physics,8,40,0.625,1.0,0.0,0.0
engineering:11940,engineering,8,40,0.625,1.0,0.0,0.0
engineering:12198,engineering,8,40,0.625,1.0,0.0,0.0
engineering:11451,engineering,8,40,0.625,1.0,0.0,0.0
engineering:11665,engineering,8,40,0.625,1.0,0.0,0.0
history:4972,history,8,40,0.625,1.0,0.0,0.0
law:1537,law,8,40,0.625,1.0,0.0,0.0
law:1310,law,8,40,0.625,1.0,0.0,0.0
law:1924,law,8,40,0.625,1.0,0.0,0.0
math:8598,math,8,40,0.6458,1.0,0.0,0.0
math:8209,math,8,40,0.6458,1.0,0.0,0.0
physics:9407,physics,8,40,0.6458,1.0,0.0,0.0
physics:9660,physics,8,40,0.6458,1.0,0.0,0.0
physics:10289,physics,8,40,0.6458,1.0,0.0,0.0
physics:9883,physics,8,40,0.6458,1.0,0.0,0.0
engineering:11351,engineering,8,40,0.6458,1.0,0.0,0.0
engineering:11528,engineering,8,40,0.6458,1.0,0.0,0.0
history:4779,history,8,40,0.6458,1.0,0.0,0.0
law:1813,law,8,40,0.6458,1.0,0.0,0.0
law:927,law,8,40,0.6458,0.8333,0.0,0.0
law:975,law,8,40,0.6458,1.0,0.0,0.0
law:1681,law,8,40,0.6458,1.0,0.0,0.0
math:7925,math,8,40,0.6667,1.0,0.0,0.0
math:8685,math,8,40,0.6667,1.0,0.0,0.0
math:8883,math,8,40,0.6667,1.0,0.0,0.0
math:8217,math,8,40,0.6667,1.0,0.0,0.0
math:8838,math,8,40,0.6667,1.0,0.0,0.0
physics:9748,physics,8,40,0.6667,1.0,0.0,0.0
physics:9689,physics,8,40,0.6667,1.0,0.0,0.0
physics:9730,physics,8,40,0.6667,1.0,0.0,0.0
physics:9138,physics,8,40,0.6667,1.0,0.0,0.0
physics:9155,physics,8,40,0.6667,1.0,0.0,0.0
physics:9643,physics,8,40,0.6667,1.0,0.0,0.0
engineering:11317,engineering,8,40,0.6667,1.0,0.0,0.0
engineering:11557,engineering,8,40,0.6667,1.0,0.0,0.125
engineering:11659,engineering,8,40,0.6667,1.0,0.0,0.0
engineering:11477,engineering,8,40,0.6667,1.0,0.0,0.0
engineering:11931,engineering,8,40,0.6667,1.0,0.0,0.0
engineering:11740,engineering,8,40,0.6667,1.0,0.0,0.0
history:4776,history,8,40,0.6667,1.0,0.0,0.0
history:4757,history,8,40,0.6667,1.0,0.0,0.0
history:5013,history,8,40,0.6667,1.0,0.0,0.0
law:1563,law,8,40,0.6667,1.0,0.0,0.0
law:1918,law,8,40,0.6667,1.0,0.0,0.0
psychology:2218,psychology,8,40,0.6667,1.0,0.0,0.0
math:8680,math,8,40,0.6875,1.0,0.0,0.0
math:8581,math,8,40,0.6875,1.0,0.0,0.0
math:8859,math,8,40,0.6875,1.0,0.0,0.0
math:8357,math,8,40,0.6875,1.0,0.0,0.0
math:7819,math,8,40,0.6875,1.0,0.0,0.0
math:8181,math,8,40,0.6875,0.8333,0.125,0.0
math:8421,math,8,40,0.6875,1.0,0.0,0.0
physics:9949,physics,8,40,0.6875,1.0,0.0,0.0
physics:10002,physics,8,40,0.6875,1.0,0.0,0.0
physics:9177,physics,8,40,0.6875,1.0,0.0,0.0
physics:9458,physics,8,40,0.6875,0.8333,0.0,0.0
physics:9051,physics,8,40,0.6875,1.0,0.0,0.0
engineering:12126,engineering,8,40,0.6875,1.0,0.0,0.0
engineering:12253,engineering,8,40,0.6875,1.0,0.0,0.0
engineering:11327,engineering,8,40,0.6875,1.0,0.0,0.0
history:4971,history,8,40,0.6875,1.0,0.0,0.0
history:5037,history,8,40,0.6875,1.0,0.0,0.0
history:4712,history,8,40,0.6875,1.0,0.0,0.0
law:1782,law,8,40,0.6875,1.0,0.0,0.0
law:1337,law,8,40,0.6875,1.0,0.0,0.0
engineering:11587,engineering,8,40,0.6958,1.0,0.0,0.025
math:7787,math,8,40,0.7083,0.8333,0.0,0.0
math:7709,math,8,40,0.7083,1.0,0.0,0.0
math:8064,math,8,40,0.7083,1.0,0.0,0.0
math:8535,math,8,40,0.7083,1.0,0.0,0.0
math:8788,math,8,40,0.7083,1.0,0.0,0.0
physics:9561,physics,8,40,0.7083,1.0,0.0,0.0
physics:10337,physics,8,40,0.7083,1.0,0.0,0.0
physics:9350,physics,8,40,0.7083,1.0,0.0,0.0
physics:10077,physics,8,40,0.7083,1.0,0.0,0.0
engineering:11330,engineering,8,40,0.7083,1.0,0.0,0.075
engineering:11604,engineering,8,40,0.7083,0.6667,0.0,0.0
engineering:11324,engineering,8,40,0.7083,1.0,0.0,0.0
engineering:11311,engineering,8,40,0.7083,0.8333,0.0,0.0
history:4925,history,8,40,0.7083,1.0,0.0,0.0
law:1650,law,8,40,0.7083,1.0,0.0,0.0
law:1476,law,8,40,0.7083,1.0,0.0,0.125
law:1198,law,8,40,0.7083,1.0,0.0,0.0
law:992,law,8,40,0.7083,1.0,0.0,0.0
psychology:2615,psychology,8,40,0.7083,1.0,0.0,0.0
psychology:2282,psychology,8,40,0.7083,1.0,0.0,0.0
psychology:2649,psychology,8,40,0.7083,1.0,0.0,0.0
engineering:11306,engineering,7,40,0.7143,1.0,0.0,0.15
math:7695,math,8,40,0.7292,1.0,0.0,0.0
math:8407,math,8,40,0.7292,0.8333,0.0,0.0
math:7794,math,8,40,0.7292,1.0,0.0,0.0
math:8415,math,8,40,0.7292,1.0,0.0,0.0
math:8440,math,8,40,0.7292,0.8333,0.0,0.0
math:8900,math,8,40,0.7292,1.0,0.0,0.0
math:8731,math,8,40,0.7292,1.0,0.0,0.0
physics:9268,physics,8,40,0.7292,1.0,0.0,0.0
engineering:11750,engineering,8,40,0.7292,1.0,0.0,0.0
engineering:11929,engineering,8,40,0.7292,1.0,0.0,0.025
history:4869,history,8,40,0.7292,1.0,0.0,0.0
history:4896,history,8,40,0.7292,1.0,0.0,0.0
history:4811,history,8,40,0.7292,1.0,0.0,0.0
history:4831,history,8,40,0.7292,1.0,0.0,0.0
law:1143,law,8,40,0.7292,1.0,0.0,0.0
law:1527,law,8,40,0.7292,1.0,0.0,0.0
math:8985,math,8,40,0.75,1.0,0.0,0.0
math:8433,math,8,40,0.75,1.0,0.0,0.0
math:8673,math,8,40,0.75,0.8333,0.0,0.0
math:8723,math,8,40,0.75,1.0,0.0,0.0
math:8919,math,8,40,0.75,1.0,0.0,0.0
physics:9293,physics,8,40,0.75,1.0,0.0,0.0
engineering:11949,engineering,8,40,0.75,1.0,0.0,0.0
engineering:11736,engineering,8,40,0.75,1.0,0.0,0.0
engineering:12099,engineering,8,40,0.75,0.8333,0.0,0.0
history:5058,history,8,40,0.75,1.0,0.0,0.0
history:4875,history,8,40,0.75,1.0,0.0,0.0
history:4923,history,8,40,0.75,1.0,0.0,0.0
history:4924,history,8,40,0.75,1.0,0.0,0.0
history:4681,history,8,40,0.75,1.0,0.0,0.0
law:1227,law,8,40,0.75,1.0,0.0,0.0
law:1145,law,8,40,0.75,0.6667,0.0,0.0
law:991,law,8,40,0.75,1.0,0.0,0.0
psychology:2397,psychology,8,40,0.75,1.0,0.0,0.0
psychology:2204,psychology,8,40,0.75,1.0,0.0,0.0
math:7743,math,8,40,0.7708,0.8333,0.0,0.0
math:8699,math,8,40,0.7708,0.8333,0.0,0.0
physics:9094,physics,8,40,0.7708,1.0,0.0,0.0
physics:10221,physics,8,40,0.7708,0.8333,0.0,0.0
physics:9044,physics,8,40,0.7708,1.0,0.0,0.0
engineering:11679,engineering,8,40,0.7708,1.0,0.0,0.0
engineering:12011,engineering,8,40,0.7708,1.0,0.0,0.0
history:4742,history,8,40,0.7708,1.0,0.0,0.0
history:4882,history,8,40,0.7708,0.8333,0.0,0.0
law:1978,law,8,40,0.7708,1.0,0.0,0.0
psychology:2336,psychology,8,40,0.7708,1.0,0.0,0.0
math:8618,math,8,40,0.7917,0.8333,0.0,0.0
physics:10312,physics,8,40,0.7917,1.0,0.0,0.0
physics:9665,physics,8,40,0.7917,1.0,0.0,0.0
engineering:12058,engineering,8,40,0.7917,1.0,0.0,0.125
engineering:11293,engineering,8,40,0.7917,0.5,0.0,0.0
engineering:11982,engineering,8,40,0.7917,1.0,0.0,0.0
engineering:12174,engineering,8,40,0.7917,0.8333,0.0,0.0
engineering:11550,engineering,8,40,0.7917,1.0,0.0,0.0
history:4857,history,8,40,0.7917,1.0,0.0,0.0
history:4763,history,8,40,0.7917,1.0,0.0,0.0
history:4884,history,8,40,0.7917,1.0,0.0,0.0
law:1777,law,8,40,0.7917,0.6667,0.0,0.0
law:1803,law,8,40,0.7917,1.0,0.0,0.0
law:1622,law,8,40,0.7917,0.8333,0.0,0.0
law:1533,law,8,40,0.7917,1.0,0.0,0.0
psychology:2448,psychology,8,40,0.7917,0.8333,0.0,0.0
psychology:2172,psychology,8,40,0.7917,1.0,0.0,0.0
psychology:2714,psychology,8,40,0.7917,1.0,0.0,0.0
psychology:2604,psychology,8,40,0.7917,1.0,0.0,0.0
psychology:2581,psychology,8,40,0.7917,1.0,0.0,0.0
psychology:2458,psychology,8,40,0.7917,0.8333,0.0,0.0
engineering:11789,engineering,7,40,0.8095,0.8333,0.0,0.15
math:8977,math,8,40,0.8125,1.0,0.0,0.0
math:7744,math,8,40,0.8125,1.0,0.0,0.0
physics:9447,physics,8,40,0.8125,0.8333,0.0,0.0
physics:9162,physics,8,40,0.8125,1.0,0.0,0.0
engineering:11532,engineering,8,40,0.8125,1.0,0.0,0.0
engineering:12107,engineering,8,40,0.8125,1.0,0.0,0.0
engineering:11785,engineering,8,40,0.8125,0.8333,0.0,0.05
engineering:11773,engineering,8,40,0.8125,0.8333,0.0,0.0
history:4970,history,8,40,0.8125,1.0,0.0,0.0
law:907,law,8,40,0.8125,1.0,0.0,0.0
law:1116,law,8,40,0.8125,1.0,0.0,0.0
psychology:2496,psychology,8,40,0.8125,1.0,0.0,0.0
psychology:2717,psychology,8,40,0.8125,1.0,0.0,0.0
math:8543,math,8,40,0.8333,1.0,0.0,0.0
math:8531,math,8,40,0.8333,0.6667,0.0,0.0
math:7777,math,8,40,0.8333,0.6667,0.0,0.0
math:8570,math,8,40,0.8333,1.0,0.0,0.0
math:8059,math,8,40,0.8333,1.0,0.0,0.0
physics:9428,physics,8,40,0.8333,1.0,0.0,0.0
physics:10306,physics,8,40,0.8333,1.0,0.0,0.0
physics:9570,physics,8,40,0.8333,0.8333,0.0,0.0
engineering:11770,engineering,8,40,0.8333,0.8333,0.0,0.0
engineering:11401,engineering,8,40,0.8333,0.6667,0.0,0.0
engineering:11325,engineering,8,40,0.8333,1.0,0.0,0.0
engineering:11520,engineering,8,40,0.8333,1.0,0.0,0.0
history:5030,history,8,40,0.8333,1.0,0.0,0.0
law:882,law,8,40,0.8333,1.0,0.0,0.0
law:1301,law,8,40,0.8333,1.0,0.0,0.0
psychology:2177,psychology,8,40,0.8333,0.6667,0.0,0.0
psychology:2586,psychology,8,40,0.8333,1.0,0.0,0.0
math:8435,math,8,40,0.8542,1.0,0.0,0.0
math:8289,math,8,40,0.8542,1.0,0.0,0.0
math:8609,math,8,40,0.8542,1.0,0.0,0.0
math:8640,math,8,40,0.8542,1.0,0.0,0.0
math:7742,math,8,40,0.8542,0.5,0.0,0.0
math:8675,math,8,40,0.8542,1.0,0.0,0.0
physics:9550,physics,8,40,0.8542,1.0,0.0,0.0
physics:9442,physics,8,40,0.8542,1.0,0.0,0.0
physics:9726,physics,8,40,0.8542,1.0,0.0,0.0
physics:10309,physics,8,40,0.8542,1.0,0.0,0.0
physics:9292,physics,8,40,0.8542,1.0,0.0,0.0
physics:10157,physics,8,40,0.8542,0.8333,0.0,0.0
engineering:12096,engineering,8,40,0.8542,1.0,0.0,0.0
engineering:12116,engineering,8,40,0.8542,0.8333,0.0,0.0
history:4715,history,8,40,0.8542,1.0,0.0,0.0
history:4992,history,8,40,0.8542,1.0,0.0,0.0
law:979,law,8,40,0.8542,1.0,0.0,0.0
law:1339,law,8,40,0.8542,1.0,0.0,0.0
psychology:2502,psychology,8,40,0.8542,1.0,0.0,0.0
psychology:2456,psychology,8,40,0.8542,1.0,0.0,0.0
engineering:11716,engineering,8,40,0.8708,0.5,0.0,0.025
math:8970,math,8,40,0.875,1.0,0.0,0.0
math:8691,math,8,40,0.875,1.0,0.0,0.0
math:7866,math,8,40,0.875,1.0,0.0,0.0
math:8215,math,8,40,0.875,1.0,0.0,0.0
math:8270,math,8,40,0.875,1.0,0.0,0.0
math:7901,math,8,40,0.875,1.0,0.0,0.0
math:8649,math,8,40,0.875,1.0,0.0,0.0
math:8151,math,8,40,0.875,1.0,0.0,0.0
math:7922,math,8,40,0.875,1.0,0.0,0.0
math:8302,math,8,40,0.875,1.0,0.0,0.0
physics:9736,physics,8,40,0.875,1.0,0.0,0.0
physics:9936,physics,8,40,0.875,1.0,0.0,0.0
physics:10141,physics,8,40,0.875,1.0,0.0,0.0
physics:9545,physics,8,40,0.875,1.0,0.0,0.0
physics:9820,physics,8,40,0.875,1.0,0.0,0.0
physics:10219,physics,8,40,0.875,1.0,0.0,0.0
physics:10166,physics,8,40,0.875,1.0,0.0,0.0
physics:10000,physics,8,40,0.875,1.0,0.0,0.0
physics:9320,physics,8,40,0.875,1.0,0.0,0.0
physics:9305,physics,8,40,0.875,1.0,0.0,0.0
physics:9872,physics,8,40,0.875,1.0,0.0,0.0
physics:9418,physics,8,40,0.875,1.0,0.0,0.0
physics:9815,physics,8,40,0.875,1.0,0.0,0.0
physics:10046,physics,8,40,0.875,1.0,0.0,0.0
physics:10097,physics,8,40,0.875,1.0,0.0,0.0
physics:10160,physics,8,40,0.875,1.0,0.0,0.0
engineering:12082,engineering,8,40,0.875,1.0,0.0,0.0
engineering:12160,engineering,8,40,0.875,1.0,0.0,0.0
engineering:12211,engineering,8,40,0.875,1.0,0.0,0.0
engineering:12208,engineering,8,40,0.875,1.0,0.0,0.0
engineering:11503,engineering,8,40,0.875,1.0,0.0,0.0
engineering:11680,engineering,8,40,0.875,1.0,0.0,0.0
engineering:11611,engineering,8,40,0.875,1.0,0.0,0.0
engineering:12119,engineering,8,40,0.875,0.8333,0.0,0.0
engineering:11526,engineering,8,40,0.875,1.0,0.0,0.0
engineering:11629,engineering,8,40,0.875,1.0,0.0,0.0
history:4984,history,8,40,0.875,1.0,0.0,0.0
history:4842,history,8,40,0.875,1.0,0.0,0.0
history:4983,history,8,40,0.875,1.0,0.0,0.0
history:4934,history,8,40,0.875,1.0,0.0,0.0
history:4793,history,8,40,0.875,1.0,0.0,0.0
history:4851,history,8,40,0.875,1.0,0.0,0.0
history:4704,history,8,40,0.875,0.6667,0.0,0.0
history:4871,history,8,40,0.875,1.0,0.0,0.0
history:4710,history,8,40,0.875,1.0,0.0,0.0
history:4845,history,8,40,0.875,1.0,0.0,0.0
history:4717,history,8,40,0.875,1.0,0.0,0.0
history:4732,history,8,40,0.875,1.0,0.0,0.0
history:4850,history,8,40,0.875,0.6667,0.0,0.0
history:4772,history,8,40,0.875,1.0,0.0,0.0
history:4781,history,8,40,0.875,1.0,0.0,0.0
history:4922,history,8,40,0.875,1.0,0.0,0.0
history:4744,history,8,40,0.875,1.0,0.0,0.0
law:1715,law,8,40,0.875,1.0,0.0,0.0
law:1049,law,8,40,0.875,1.0,0.0,0.0
law:1171,law,8,40,0.875,1.0,0.0,0.0
law:1790,law,8,40,0.875,1.0,0.0,0.0
law:1066,law,8,40,0.875,1.0,0.0,0.0
law:1948,law,8,40,0.875,1.0,0.0,0.0
law:1345,law,8,40,0.875,1.0,0.0,0.0
law:1245,law,8,40,0.875,1.0,0.0,0.0
law:1455,law,8,40,0.875,1.0,0.0,0.0
law:883,law,8,40,0.875,1.0,0.0,0.0
law:1292,law,8,40,0.875,1.0,0.0,0.0
law:1321,law,8,40,0.875,1.0,0.0,0.0
law:1618,law,8,40,0.875,1.0,0.0,0.0
law:1666,law,8,40,0.875,0.5,0.0,0.0
law:1087,law,8,40,0.875,1.0,0.0,0.0
law:937,law,8,40,0.875,1.0,0.0,0.0
law:1905,law,8,40,0.875,1.0,0.0,0.0
law:1553,law,8,40,0.875,1.0,0.0,0.0
law:1047,law,8,40,0.875,1.0,0.0,0.0
law:1525,law,8,40,0.875,1.0,0.0,0.0
psychology:2381,psychology,8,40,0.875,1.0,0.0,0.0
psychology:2617,psychology,8,40,0.875,1.0,0.0,0.0
psychology:2251,psychology,8,40,0.875,1.0,0.0,0.0
psychology:2142,psychology,8,40,0.875,1.0,0.0,0.0
psychology:2783,psychology,8,40,0.875,1.0,0.0,0.0
psychology:2024,psychology,8,40,0.875,1.0,0.0,0.0
psychology:2478,psychology,8,40,0.875,1.0,0.0,0.0
psychology:2755,psychology,8,40,0.875,1.0,0.0,0.0
psychology:2181,psychology,8,40,0.875,1.0,0.0,0.0
psychology:2008,psychology,8,40,0.875,1.0,0.0,0.0
psychology:2158,psychology,8,40,0.875,1.0,0.0,0.0
psychology:2156,psychology,8,40,0.875,1.0,0.0,0.0
psychology:2519,psychology,8,40,0.875,1.0,0.0,0.0
psychology:2623,psychology,8,40,0.875,1.0,0.0,0.0
psychology:2292,psychology,8,40,0.875,1.0,0.0,0.0
psychology:2404,psychology,8,40,0.875,1.0,0.0,0.0
psychology:2212,psychology,8,40,0.875,1.0,0.0,0.0
psychology:2354,psychology,8,40,0.875,1.0,0.0,0.0
psychology:2667,psychology,8,40,0.875,1.0,0.0,0.0
psychology:2307,psychology,8,40,0.875,1.0,0.0,0.0
psychology:2517,psychology,8,40,0.875,1.0,0.0,0.0
psychology:2225,psychology,8,40,0.875,1.0,0.0,0.0
psychology:2222,psychology,8,40,0.875,1.0,0.0,0.0
psychology:2572,psychology,8,40,0.875,1.0,0.0,0.0
math:8180,math,8,40,0.8958,0.8333,0.0,0.0
math:7983,math,8,40,0.8958,0.5,0.0,0.0
math:8852,math,8,40,0.8958,0.8333,0.0,0.0
physics:9244,physics,8,40,0.8958,0.5,0.0,0.0
physics:9857,physics,8,40,0.8958,0.8333,0.0,0.0
engineering:12155,engineering,8,40,0.8958,0.8333,0.0,0.0
engineering:11352,engineering,8,40,0.8958,0.8333,0.0,0.0
history:4761,history,8,40,0.8958,0.8333,0.0,0.0
law:1814,law,8,40,0.8958,0.8333,0.0,0.0
psychology:2338,psychology,8,40,0.8958,0.8333,0.0,0.0
psychology:2002,psychology,8,40,0.8958,0.8333,0.0,0.0
psychology:2185,psychology,8,40,0.8958,0.8333,0.0,0.0
math:8799,math,8,40,0.9167,0.6667,0.0,0.0
math:7708,math,8,40,0.9167,0.5,0.0,0.0
physics:10304,physics,8,40,0.9167,0.3333,0.0,0.0
physics:9152,physics,8,40,0.9167,0.6667,0.0,0.0
physics:9518,physics,8,40,0.9167,0.6667,0.0,0.0
history:4919,history,8,40,0.9167,0.6667,0.0,0.0
history:4867,history,8,40,0.9167,0.5,0.0,0.0
law:960,law,8,40,0.9167,0.5,0.0,0.0
psychology:2369,psychology,8,40,0.9167,0.6667,0.0,0.0
psychology:2047,psychology,8,40,0.9167,0.6667,0.0,0.0
psychology:2145,psychology,8,40,0.9167,0.6667,0.0,0.0
math:8911,math,8,40,0.9375,0.5,0.0,0.0
engineering:11691,engineering,8,40,0.9375,0.5,0.0,0.0
history:4723,history,8,40,0.9375,0.3333,0.0,0.0
history:4785,history,8,40,0.9375,0.3333,0.0,0.0
history:4939,history,8,40,0.9375,0.5,0.0,0.0
psychology:2269,psychology,8,40,0.9375,0.5,0.0,0.0
psychology:2785,psychology,8,40,0.9375,0.5,0.0,0.0
psychology:2000,psychology,8,40,0.9375,0.5,0.0,0.0
engineering:12056,engineering,7,40,0.9524,0.1667,0.0,0.15
physics:10105,physics,8,40,0.9583,0.3333,0.0,0.0
physics:10355,physics,8,40,0.9583,0.3333,0.0,0.0
physics:9852,physics,8,40,0.9583,0.3333,0.0,0.0
physics:9813,physics,8,40,0.9583,0.1667,0.0,0.0
engineering:11889,engineering,8,40,0.9583,0.3333,0.0,0.0
history:4928,history,8,40,0.9583,0.3333,0.0,0.0
history:4771,history,8,40,0.9583,0.3333,0.0,0.0
history:4841,history,8,40,0.9583,0.3333,0.0,0.0
history:4756,history,8,40,0.9583,0.3333,0.0,0.0
law:1511,law,8,40,0.9583,0.3333,0.0,0.0
law:1325,law,8,40,0.9583,0.3333,0.0,0.0
psychology:2159,psychology,8,40,0.9583,0.3333,0.0,0.0
math:7907,math,8,40,0.9792,0.1667,0.0,0.0
engineering:11689,engineering,8,40,0.9792,0.1667,0.0,0.0
engineering:11406,engineering,8,40,0.9792,0.1667,0.0,0.0
history:4786,history,8,40,0.9792,0.1667,0.0,0.0
history:4968,history,8,40,0.9792,0.1667,0.0,0.0
law:1892,law,8,40,0.9792,0.1667,0.0,0.0
psychology:2591,psychology,8,40,0.9792,0.1667,0.0,0.0
psychology:2271,psychology,8,40,0.9792,0.1667,0.0,0.0
math:7702,math,8,40,1.0,0.0,0.0,0.0
math:8463,math,8,40,1.0,0.0,0.0,0.0
math:7830,math,8,40,1.0,0.0,0.0,0.0
math:7753,math,8,40,1.0,0.0,0.0,0.0
math:8689,math,8,40,1.0,0.0,0.0,0.0
physics:9430,physics,8,40,1.0,0.0,0.0,0.0
physics:9537,physics,8,40,1.0,0.0,0.0,0.0
physics:9311,physics,8,40,1.0,0.0,0.0,0.0
physics:9548,physics,8,40,1.0,0.0,0.0,0.0
physics:9734,physics,8,40,1.0,0.0,0.0,0.0
physics:9544,physics,8,40,1.0,0.0,0.0,0.0
physics:9912,physics,8,40,1.0,0.0,0.0,0.0
engineering:11529,engineering,8,40,1.0,0.0,0.0,0.0
engineering:11663,engineering,8,40,1.0,0.0,0.0,0.0
engineering:11572,engineering,8,40,1.0,0.0,0.0,0.025
engineering:11781,engineering,8,40,1.0,0.0,0.0,0.0
engineering:12104,engineering,8,40,1.0,0.0,0.0,0.0
engineering:11286,engineering,8,40,1.0,0.0,0.0,0.0
history:5009,history,8,40,1.0,0.0,0.0,0.0
history:5038,history,8,40,1.0,0.0,0.0,0.0
history:5002,history,8,40,1.0,0.0,0.0,0.0
history:4877,history,8,40,1.0,0.0,0.0,0.0
history:4894,history,8,40,1.0,0.0,0.0,0.0
history:4878,history,8,40,1.0,0.0,0.0,0.0
history:4916,history,8,40,1.0,0.0,0.0,0.0
history:4718,history,8,40,1.0,0.0,0.0,0.0
history:4993,history,8,40,1.0,0.0,0.0,0.0
history:4979,history,8,40,1.0,0.0,0.0,0.0
history:4828,history,8,40,1.0,0.0,0.0,0.0
history:5034,history,8,40,1.0,0.0,0.0,0.0
history:4801,history,8,40,1.0,0.0,0.0,0.0
history:4753,history,8,40,1.0,0.0,0.0,0.0
history:4836,history,8,40,1.0,0.0,0.0,0.0
history:4913,history,8,40,1.0,0.0,0.0,0.0
history:4727,history,8,40,1.0,0.0,0.0,0.0
history:4852,history,8,40,1.0,0.0,0.0,0.0
history:4794,history,8,40,1.0,0.0,0.0,0.0
history:4823,history,8,40,1.0,0.0,0.0,0.0
history:4999,history,8,40,1.0,0.0,0.0,0.0
history:4725,history,8,40,1.0,0.0,0.0,0.0
history:4880,history,8,40,1.0,0.0,0.0,0.0
history:4959,history,8,40,1.0,0.0,0.0,0.0
history:4907,history,8,40,1.0,0.0,0.0,0.0
history:4774,history,8,40,1.0,0.0,0.0,0.0
history:4797,history,8,40,1.0,0.0,0.0,0.0
history:4996,history,8,40,1.0,0.0,0.0,0.0
history:4782,history,8,40,1.0,0.0,0.0,0.0
history:4829,history,8,40,1.0,0.0,0.0,0.0
history:4914,history,8,40,1.0,0.0,0.0,0.0
history:4818,history,8,40,1.0,0.0,0.0,0.0
law:1755,law,8,40,1.0,0.0,0.0,0.0
law:977,law,8,40,1.0,0.0,0.0,0.0
law:1274,law,8,40,1.0,0.0,0.0,0.0
law:1353,law,8,40,1.0,0.0,0.0,0.0
law:1811,law,8,40,1.0,0.0,0.0,0.0
law:1952,law,8,40,1.0,0.0,0.0,0.0
law:881,law,8,40,1.0,0.0,0.0,0.0
law:1706,law,8,40,1.0,0.0,0.0,0.0
law:1898,law,8,40,1.0,0.0,0.0,0.0
psychology:2131,psychology,8,40,1.0,0.0,0.0,0.0
psychology:2084,psychology,8,40,1.0,0.0,0.0,0.0
psychology:2743,psychology,8,40,1.0,0.0,0.0,0.0
psychology:2127,psychology,8,40,1.0,0.0,0.0,0.0
psychology:2756,psychology,8,40,1.0,0.0,0.0,0.0
psychology:2059,psychology,8,40,1.0,0.0,0.0,0.0
psychology:2246,psychology,8,40,1.0,0.0,0.0,0.0
psychology:2620,psychology,8,40,1.0,0.0,0.0,0.0
psychology:2465,psychology,8,40,1.0,0.0,0.0,0.0
psychology:2049,psychology,8,40,1.0,0.0,0.0,0.0
psychology:2436,psychology,8,40,1.0,0.0,0.0,0.0
psychology:2488,psychology,8,40,1.0,0.0,0.0,0.0
psychology:2672,psychology,8,40,1.0,0.0,0.0,0.0
psychology:2495,psychology,8,40,1.0,0.0,0.0,0.0
psychology:2071,psychology,8,40,1.0,0.0,0.0,0.0
psychology:2139,psychology,8,40,1.0,0.0,0.0,0.0
psychology:2559,psychology,8,40,1.0,0.0,0.0,0.0
psychology:2782,psychology,8,40,1.0,0.0,0.0,0.0
psychology:2475,psychology,8,40,1.0,0.0,0.0,0.0
psychology:2612,psychology,8,40,1.0,0.0,0.0,0.0
psychology:2602,psychology,8,40,1.0,0.0,0.0,0.0
psychology:2745,psychology,8,40,1.0,0.0,0.0,0.0
psychology:2711,psychology,8,40,1.0,0.0,0.0,0.0
psychology:2471,psychology,8,40,1.0,0.0,0.0,0.0
psychology:2411,psychology,8,40,1.0,0.0,0.0,0.0
psychology:2752,psychology,8,40,1.0,0.0,0.0,0.0
psychology:2732,psychology,8,40,1.0,0.0,0.0,0.0
psychology:2679,psychology,8,40,1.0,0.0,0.0,0.0
psychology:2619,psychology,8,40,1.0,0.0,0.0,0.0
psychology:2801,psychology,8,40,1.0,0.0,0.0,0.0
psychology:2796,psychology,8,40,1.0,0.0,0.0,0.0
psychology:2406,psychology,8,40,1.0,0.0,0.0,0.0
psychology:2802,psychology,8,40,1.0,0.0,0.0,0.0
psychology:2692,psychology,8,40,1.0,0.0,0.0,0.0
psychology:2191,psychology,8,40,1.0,0.0,0.0,0.0
psychology:2701,psychology,8,40,1.0,0.0,0.0,0.0
psychology:2781,psychology,8,40,1.0,0.0,0.0,0.0
psychology:2583,psychology,8,40,1.0,0.0,0.0,0.0
psychology:2111,psychology,8,40,1.0,0.0,0.0,0.0
